{
  "rotation": [
    [0.5773502691896258, -0.7071067811865475, 0.408248290463863],
    [0.5773502691896258, 0.7071067811865475, 0.408248290463863],
    [0.5773502691896258, 0.0, -0.816496580927726]
  ],
  "explained_variance": [
    3.0,
    0.0,
    0.0
  ],
  "mean": [
    5.5,
    6.5,
    7.5
  ],
  "scale": [
    3.872983346207417,
    3.872983346207417,
    3.872983346207417
  ]
}
